{"stats":{"minecraft:broken":{"minecraft:wooden_pickaxe":1,"minecraft:wooden_axe":1},"minecraft:dropped":{"minecraft:brown_mushroom":2,"minecraft:porkchop":3,"minecraft:red_mushroom":1,"minecraft:dirt":2,"minecraft:wooden_sword":2,"minecraft:dandelion":1,"minecraft:sugar_cane":9,"crabbersdelight:shrimp":1,"minecraft:chicken":2,"minecraft:light_gray_wool":2,"minecraft:cooked_mutton":5,"minecraft:azure_bluet":4,"minecraft:white_bed":2,"supplementaries:ash":16,"biomesoplenty:tall_lavender":2},"minecraft:picked_up":{"minecraft:charcoal":63,"minecraft:crafting_table":1,"minecraft:azure_bluet":4,"minecraft:chicken":4,"minecraft:leather_leggings":1,"minecraft:brown_mushroom":2,"minecraft:brown_bed":1,"minecraft:brewing_stand":1,"minecraft:shield":1,"minecraft:raw_copper":2,"minecraft:wooden_sword":1,"biomesoplenty:tall_lavender":3,"twigs:opaline_seashell":1,"minecraft:beef":4,"minecraft:cobblestone_slab":1,"minecraft:light_gray_wool":12,"quark:yellow_blossom_sapling":2,"minecraft:sugar_cane":9,"delightful:green_tea_leaf":5,"minecraft:furnace":3,"minecraft:stick":12,"minecraft:raw_iron":6,"quark:green_corundum_cluster":24,"quark:blossom_log":18,"minecraft:porkchop":5,"minecraft:arrow":1,"biomesoplenty:jacaranda_log":1,"minecraft:tropical_fish":1,"supplementaries:ash":32,"minecraft:mutton":17,"minecraft:white_wool":12,"alexsmobs:flying_fish":1,"minecraft:cobblestone":53,"biomesoplenty:lavender":11,"minecraft:glow_ink_sac":5,"minecraft:andesite":1,"minecraft:leather":2,"minecraft:red_mushroom":1,"minecraft:oak_log":12,"minecraft:gunpowder":1,"minecraft:dirt":11,"comforts:sleeping_bag_light_gray":1,"minecraft:bone":1,"minecraft:stone_bricks":15,"minecraft:wheat_seeds":2,"minecraft:stone_pickaxe":1,"twigs:twig":4,"minecraft:oak_planks":3,"minecraft:dandelion":2,"minecraft:white_bed":1,"quark:green_corundum":11,"waystones:waystone":2,"minecraft:oak_sapling":3,"minecraft:coal":4},"minecraft:killed_by":{"minecraft:pillager":1,"alexsmobs:bison":1,"minecraft:vindicator":1,"minecraft:skeleton":3,"minecraft:zombie":1},"minecraft:crafted":{"minecraft:wooden_sword":1,"minecraft:oak_planks":40,"minecraft:furnace":1,"minecraft:cooked_mutton":10,"minecraft:stone_pickaxe":2,"minecraft:cooked_beef":1,"biomesoplenty:jacaranda_planks":4,"minecraft:crafting_table":2,"minecraft:wooden_pickaxe":1,"minecraft:iron_sword":1,"comforts:sleeping_bag_light_gray":1,"minecraft:oak_boat":2,"minecraft:charcoal":1,"minecraft:stick":16,"minecraft:iron_ingot":2,"minecraft:wooden_axe":1,"minecraft:white_bed":2,"minecraft:torch":4},"minecraft:killed":{"minecraft:spider":1,"alexsmobs:seagull":1,"minecraft:chicken":2,"minecraft:tropical_fish":1,"alexsmobs:flying_fish":1,"minecraft:pig":1,"minecraft:sheep":14,"minecraft:zombie":1,"minecraft:cow":2},"minecraft:mined":{"minecraft:jungle_leaves":1,"minecraft:brewing_stand":1,"biomesoplenty:bush":2,"minecraft:grass_block":4,"quark:green_corundum_cluster":8,"minecraft:tall_seagrass":2,"biomesoplenty:jacaranda_log":1,"biomesoplenty:tall_lavender":1,"minecraft:glowstone":1,"minecraft:furnace":3,"minecraft:iron_ore":7,"biomesoplenty:lavender":17,"minecraft:andesite":1,"minecraft:azure_bluet":3,"minecraft:brown_bed":1,"biomesoplenty:barley":3,"minecraft:stone":60,"twigs:opaline_seashell":1,"minecraft:brown_mushroom":3,"minecraft:stone_brick_slab":2,"minecraft:dandelion":1,"minecraft:crafting_table":1,"quark:blossom_log":54,"minecraft:campfire":1,"minecraft:tall_grass":9,"minecraft:copper_ore":1,"minecraft:sugar_cane":3,"supplementaries:urn":2,"minecraft:coarse_dirt":1,"minecraft:ice":3,"quark:green_corundum":15,"minecraft:light_gray_wool":18,"minecraft:stone_brick_stairs":1,"minecraft:grass":59,"minecraft:coal_ore":7,"minecraft:oak_log":13,"minecraft:dirt":5,"minecraft:stone_bricks":10,"minecraft:oak_leaves":8},"minecraft:custom":{"minecraft:mob_kills":25,"minecraft:interact_with_crafting_table":10,"minecraft:open_barrel":3,"minecraft:interact_with_campfire":3,"minecraft:leave_game":1,"minecraft:time_since_death":26015,"minecraft:climb_one_cm":8199,"minecraft:sprint_one_cm":199191,"minecraft:walk_one_cm":283712,"minecraft:drop":27,"minecraft:talked_to_villager":3,"minecraft:play_time":102942,"minecraft:deaths":7,"minecraft:sneak_time":909,"minecraft:walk_under_water_one_cm":21551,"minecraft:jump":1667,"minecraft:walk_on_water_one_cm":23992,"minecraft:total_world_time":102942,"minecraft:interact_with_furnace":11,"minecraft:interact_with_cartography_table":1,"minecraft:sleep_in_bed":4,"minecraft:time_since_rest":10442,"minecraft:waystone_activated":1,"minecraft:damage_taken":2627,"minecraft:damage_dealt":2559,"minecraft:swim_one_cm":58376,"minecraft:fly_one_cm":288852,"minecraft:open_chest":21,"minecraft:crouch_one_cm":3423,"minecraft:fall_one_cm":55106},"minecraft:used":{"minecraft:tropical_fish":1,"minecraft:iron_sword":13,"minecraft:torch":1,"minecraft:dirt":13,"minecraft:mutton":7,"minecraft:carrot":9,"minecraft:wooden_axe":63,"minecraft:light_gray_wool":1,"minecraft:beef":1,"minecraft:furnace":2,"minecraft:cooked_beef":1,"minecraft:cooked_mutton":5,"comforts:sleeping_bag_light_gray":1,"minecraft:stone_pickaxe":61,"minecraft:wooden_pickaxe":59,"minecraft:crafting_table":3,"minecraft:white_bed":1,"biomesoplenty:jacaranda_planks":1,"minecraft:oak_log":1,"alexsmobs:flying_fish":1,"waystones:waystone":1,"minecraft:bread":2,"minecraft:wooden_sword":58,"minecraft:cobblestone":19,"minecraft:oak_boat":2}},"DataVersion":3465}