{"stats":{"minecraft:broken":{"minecraft:wooden_axe":1},"minecraft:dropped":{"minecraft:porkchop":4,"minecraft:brown_mushroom":1,"minecraft:oak_log":1,"minecraft:glow_ink_sac":5,"biomesoplenty:redwood_wood":38,"minecraft:prismarine_shard":7,"minecraft:iron_helmet":2,"minecraft:feather":2,"minecraft:leather":2,"minecraft:granite":1,"minecraft:dirt":8,"minecraft:ink_sac":2,"minecraft:wooden_sword":1,"minecraft:white_wool":2,"twigs:twig":12,"minecraft:stone_brick_slab":3,"minecraft:oak_door":1,"minecraft:kelp":13,"minecraft:cobbled_deepslate":1,"biomesoplenty:redwood_sapling":2,"minecraft:chicken":1,"minecraft:rotten_flesh":3,"aether:leather_gloves":1,"supplementaries:ash":20,"minecraft:cobblestone_slab":4,"minecraft:shield":1,"quark:green_corundum":15,"minecraft:oak_sapling":29,"minecraft:leather_leggings":2,"minecraft:arrow":10,"minecraft:beef":2,"minecraft:stone_pickaxe":1,"quark:blossom_sign":2,"crabbersdelight:clawster":3,"biomesoplenty:tall_lavender":1},"minecraft:picked_up":{"minecraft:charcoal":2,"minecraft:crafting_table":4,"minecraft:azure_bluet":4,"illagerinvasion:platinum_chunk":2,"minecraft:chicken":3,"minecraft:leather_leggings":1,"minecraft:brown_mushroom":2,"minecraft:raw_copper":24,"biomesoplenty:tall_lavender":1,"minecraft:cracked_stone_bricks":3,"minecraft:gold_nugget":8,"minecraft:cobbled_deepslate":1,"delightful:acorn":7,"minecraft:beef":24,"minecraft:oak_boat":2,"minecraft:cobblestone_slab":1,"minecraft:light_gray_wool":14,"biomesoplenty:redwood_wood":111,"quark:yellow_blossom_sapling":1,"delightful:green_tea_leaf":3,"minecraft:furnace":1,"minecraft:raw_iron":92,"quark:green_corundum_cluster":35,"minecraft:torch":7,"quark:blossom_log":21,"minecraft:porkchop":4,"minecraft:diorite":1,"quark:blossom_planks":5,"minecraft:arrow":10,"minecraft:rotten_flesh":14,"minecraft:hay_block":58,"biomesoplenty:redwood_sapling":2,"supplementaries:ash":20,"minecraft:mutton":2,"minecraft:white_wool":2,"minecraft:cobblestone":125,"minecraft:feather":2,"crabbersdelight:clawster":2,"minecraft:glow_ink_sac":5,"minecraft:leather":2,"minecraft:potato":1,"alexsmobs:bison_fur":3,"minecraft:oak_log":55,"minecraft:gunpowder":2,"minecraft:dirt":30,"comforts:sleeping_bag_light_gray":6,"minecraft:cooked_mutton":3,"minecraft:bone":19,"minecraft:apple":2,"minecraft:kelp":16,"minecraft:wheat_seeds":12,"minecraft:raw_gold":4,"minecraft:iron_ingot":1,"minecraft:glowstone_dust":4,"twigs:twig":33,"minecraft:stone_brick_slab":5,"everycomp:q/biomesoplenty/redwood_chest":1,"minecraft:ink_sac":2,"minecraft:white_bed":2,"quark:green_corundum":30,"minecraft:spider_eye":1,"minecraft:diamond":1,"minecraft:iron_helmet":1,"minecraft:granite":2,"minecraft:emerald":46,"minecraft:oak_sapling":29,"quark:blossom_boat":2,"minecraft:coal":17},"minecraft:killed_by":{"minecraft:spider":1,"minecraft:vindicator":1,"minecraft:skeleton":5,"minecraft:zombie":1},"minecraft:crafted":{"minecraft:wooden_sword":1,"minecraft:oak_door":3,"minecraft:oak_planks":32,"minecraft:cobblestone_slab":12,"minecraft:cooked_chicken":1,"minecraft:furnace":2,"minecraft:cooked_mutton":2,"minecraft:iron_boots":1,"minecraft:iron_axe":1,"minecraft:stone_pickaxe":1,"minecraft:chest":3,"everycomp:q/biomesoplenty/redwood_chest":1,"minecraft:wheat":522,"minecraft:cooked_beef":18,"quark:blossom_planks":84,"quark:blossom_sign":3,"minecraft:crafting_table":5,"biomesoplenty:redwood_planks":12,"minecraft:iron_helmet":1,"minecraft:wooden_pickaxe":1,"minecraft:iron_sword":1,"minecraft:prismarine_bricks":2,"minecraft:copper_ingot":24,"minecraft:campfire":1,"quark:blossom_boat":2,"comforts:sleeping_bag_light_gray":1,"minecraft:bread":174,"minecraft:air":0,"aether:iron_gloves":1,"minecraft:iron_chestplate":1,"minecraft:wooden_hoe":1,"minecraft:charcoal":39,"minecraft:shield":1,"minecraft:stick":54,"minecraft:iron_ingot":91,"minecraft:iron_pickaxe":1,"minecraft:wooden_axe":1,"minecraft:torch":52},"minecraft:killed":{"minecraft:vindicator":1,"minecraft:spider":4,"minecraft:skeleton":8,"minecraft:chicken":1,"alexsmobs:bison":2,"minecraft:drowned":3,"minecraft:pig":2,"minecraft:creeper":2,"minecraft:sheep":2,"minecraft:pillager":4,"minecraft:zombie":22,"minecraft:cow":1},"minecraft:custom":{"minecraft:mob_kills":54,"minecraft:interact_with_crafting_table":39,"minecraft:open_barrel":33,"minecraft:interact_with_campfire":4,"minecraft:leave_game":2,"minecraft:time_since_death":61683,"minecraft:climb_one_cm":7220,"minecraft:sprint_one_cm":430063,"minecraft:walk_one_cm":384872,"minecraft:drop":69,"minecraft:talked_to_villager":3,"minecraft:play_time":349395,"minecraft:sneak_time":4613,"minecraft:deaths":8,"minecraft:walk_under_water_one_cm":24052,"minecraft:boat_one_cm":47751,"minecraft:jump":3701,"minecraft:walk_on_water_one_cm":49810,"minecraft:total_world_time":349395,"minecraft:interact_with_furnace":65,"minecraft:sleep_in_bed":9,"minecraft:time_since_rest":58086,"minecraft:damage_taken":5343,"minecraft:damage_dealt":9539,"minecraft:fly_one_cm":861183,"minecraft:swim_one_cm":178384,"minecraft:open_chest":34,"minecraft:crouch_one_cm":11089,"minecraft:fall_one_cm":97440},"minecraft:mined":{"minecraft:white_bed":1,"minecraft:deepslate_diamond_ore":1,"minecraft:jungle_leaves":1,"minecraft:granite":2,"biomesoplenty:bush":39,"minecraft:grass_block":19,"quark:green_corundum_cluster":6,"minecraft:kelp":1,"minecraft:spawner":1,"minecraft:large_fern":1,"minecraft:hay_block":58,"minecraft:tall_seagrass":5,"minecraft:furnace":1,"minecraft:iron_ore":86,"minecraft:fire":1,"quark:blossom_planks":5,"everycomp:q/biomesoplenty/redwood_chest":1,"minecraft:deepslate_iron_ore":6,"minecraft:cobblestone_slab":2,"minecraft:stone":94,"minecraft:kelp_plant":1,"minecraft:stone_brick_slab":1,"minecraft:dandelion":1,"minecraft:crafting_table":4,"minecraft:torch":4,"minecraft:campfire":1,"quark:blossom_log":13,"minecraft:tall_grass":19,"minecraft:copper_ore":7,"minecraft:cobblestone":29,"minecraft:diorite":1,"minecraft:wall_torch":2,"supplementaries:urn":14,"minecraft:ice":4,"quark:green_corundum":12,"minecraft:light_gray_wool":8,"minecraft:stone_brick_stairs":1,"minecraft:grass":106,"minecraft:oak_log":91,"minecraft:coal_ore":17,"minecraft:sand":1,"minecraft:dirt":5,"minecraft:cracked_stone_bricks":6,"minecraft:stone_bricks":8,"minecraft:deepslate":1,"biomesoplenty:redwood_wood":97,"minecraft:oak_leaves":25,"minecraft:fern":1},"minecraft:used":{"minecraft:chest":3,"minecraft:iron_sword":158,"minecraft:cooked_chicken":1,"minecraft:rotten_flesh":4,"minecraft:oak_door":2,"minecraft:torch":40,"minecraft:dirt":17,"minecraft:prismarine_bricks":2,"minecraft:carrot":7,"minecraft:granite":1,"minecraft:wooden_axe":67,"minecraft:sea_lantern":1,"biomesoplenty:redwood_wood":11,"minecraft:iron_axe":149,"minecraft:iron_helmet":8,"minecraft:iron_boots":1,"delightful:green_tea_leaf":2,"minecraft:beef":1,"minecraft:furnace":3,"quark:blossom_planks":35,"minecraft:potato":10,"minecraft:cooked_beef":18,"minecraft:iron_leggings":1,"minecraft:wheat_seeds":12,"minecraft:cooked_mutton":5,"comforts:sleeping_bag_light_gray":6,"minecraft:diorite":1,"minecraft:leather_leggings":1,"minecraft:stone_pickaxe":92,"minecraft:wooden_pickaxe":11,"minecraft:cobblestone_slab":9,"minecraft:white_wool":6,"minecraft:crafting_table":9,"minecraft:campfire":1,"minecraft:white_bed":2,"quark:blossom_boat":5,"minecraft:wooden_hoe":30,"minecraft:apple":3,"minecraft:bread":9,"minecraft:iron_pickaxe":211,"quark:blossom_sign":1,"everycomp:q/biomesoplenty/redwood_chest":2,"minecraft:wooden_sword":34,"minecraft:cobblestone":91,"minecraft:oak_boat":2,"delightful:acorn":7}},"DataVersion":3465}