{"stats":{"minecraft:custom":{"minecraft:jump":19,"minecraft:time_since_rest":3252,"minecraft:crouch_one_cm":43,"minecraft:leave_game":1,"minecraft:sprint_one_cm":584,"minecraft:play_time":3252,"minecraft:damage_taken":50,"minecraft:time_since_death":3252,"minecraft:walk_one_cm":618,"minecraft:sneak_time":57,"minecraft:total_world_time":3252,"minecraft:fall_one_cm":1526,"minecraft:fly_one_cm":968},"minecraft:mined":{"minecraft:grass":1,"minecraft:dirt":3},"minecraft:picked_up":{"minecraft:dirt":3}},"DataVersion":3465}