{
  "comforts:sleeping_bag_light_blue": {
    "criteria": {
      "has_the_recipe": "2024-05-27 21:57:28 +0000"
    },
    "done": true
  },
  "naturescompass:natures_compass": {
    "criteria": {
      "has_recipe": "2024-05-27 21:57:28 +0000"
    },
    "done": true
  },
  "comforts:sleeping_bag_black": {
    "criteria": {
      "has_the_recipe": "2024-05-27 21:57:28 +0000"
    },
    "done": true
  },
  "comforts:hammock_purple": {
    "criteria": {
      "has_the_recipe": "2024-05-27 21:57:28 +0000"
    },
    "done": true
  },
  "comforts:hammock_lime": {
    "criteria": {
      "has_the_recipe": "2024-05-27 21:57:28 +0000"
    },
    "done": true
  },
  "comforts:sleeping_bag_pink": {
    "criteria": {
      "has_the_recipe": "2024-05-27 21:57:28 +0000"
    },
    "done": true
  },
  "naturescompass:natures_compass_sapling": {
    "criteria": {
      "has_recipe": "2024-05-27 21:57:28 +0000"
    },
    "done": true
  },
  "comforts:hammock_magenta": {
    "criteria": {
      "has_the_recipe": "2024-05-27 21:57:28 +0000"
    },
    "done": true
  },
  "comforts:sleeping_bag_red": {
    "criteria": {
      "has_the_recipe": "2024-05-27 21:57:28 +0000"
    },
    "done": true
  },
  "comforts:sleeping_bag_orange": {
    "criteria": {
      "has_the_recipe": "2024-05-27 21:57:28 +0000"
    },
    "done": true
  },
  "comforts:hammock_red": {
    "criteria": {
      "has_the_recipe": "2024-05-27 21:57:28 +0000"
    },
    "done": true
  },
  "comforts:hammock_blue": {
    "criteria": {
      "has_the_recipe": "2024-05-27 21:57:28 +0000"
    },
    "done": true
  },
  "comforts:hammock_white": {
    "criteria": {
      "has_the_recipe": "2024-05-27 21:57:28 +0000"
    },
    "done": true
  },
  "comforts:hammock_light_gray": {
    "criteria": {
      "has_the_recipe": "2024-05-27 21:57:28 +0000"
    },
    "done": true
  },
  "comforts:sleeping_bag_white": {
    "criteria": {
      "has_the_recipe": "2024-05-27 21:57:28 +0000"
    },
    "done": true
  },
  "comforts:sleeping_bag_brown": {
    "criteria": {
      "has_the_recipe": "2024-05-27 21:57:28 +0000"
    },
    "done": true
  },
  "comforts:sleeping_bag_gray": {
    "criteria": {
      "has_the_recipe": "2024-05-27 21:57:28 +0000"
    },
    "done": true
  },
  "comforts:rope_and_nail": {
    "criteria": {
      "has_the_recipe": "2024-05-27 21:57:28 +0000"
    },
    "done": true
  },
  "betterdungeons:root": {
    "criteria": {
      "always": "2024-05-27 21:57:28 +0000"
    },
    "done": true
  },
  "comforts:sleeping_bag_cyan": {
    "criteria": {
      "has_the_recipe": "2024-05-27 21:57:28 +0000"
    },
    "done": true
  },
  "dungeons_arise:wda_root": {
    "criteria": {
      "WDA": "2024-05-27 21:57:28 +0000"
    },
    "done": true
  },
  "comforts:hammock_pink": {
    "criteria": {
      "has_the_recipe": "2024-05-27 21:57:28 +0000"
    },
    "done": true
  },
  "comforts:hammock_brown": {
    "criteria": {
      "has_the_recipe": "2024-05-27 21:57:28 +0000"
    },
    "done": true
  },
  "comforts:sleeping_bag_light_gray": {
    "criteria": {
      "has_the_recipe": "2024-05-27 21:57:28 +0000"
    },
    "done": true
  },
  "crabbersdelight:main/root": {
    "criteria": {
      "seeds": "2024-05-27 21:57:28 +0000"
    },
    "done": true
  },
  "comforts:hammock_black": {
    "criteria": {
      "has_the_recipe": "2024-05-27 21:57:28 +0000"
    },
    "done": true
  },
  "comforts:sleeping_bag_lime": {
    "criteria": {
      "has_the_recipe": "2024-05-27 21:57:28 +0000"
    },
    "done": true
  },
  "comforts:hammock_yellow": {
    "criteria": {
      "has_the_recipe": "2024-05-27 21:57:28 +0000"
    },
    "done": true
  },
  "comforts:sleeping_bag_blue": {
    "criteria": {
      "has_the_recipe": "2024-05-27 21:57:28 +0000"
    },
    "done": true
  },
  "friendsandfoes:misc/yellow_dye_from_buttercup": {
    "criteria": {
      "has_the_recipe": "2024-05-27 21:57:28 +0000"
    },
    "done": true
  },
  "farmersdelight:main/root": {
    "criteria": {
      "seeds": "2024-05-27 21:57:28 +0000"
    },
    "done": true
  },
  "naturescompass:natures_compass_log": {
    "criteria": {
      "has_recipe": "2024-05-27 21:57:28 +0000"
    },
    "done": true
  },
  "comforts:hammock_gray": {
    "criteria": {
      "has_the_recipe": "2024-05-27 21:57:28 +0000"
    },
    "done": true
  },
  "comforts:hammock_cyan": {
    "criteria": {
      "has_the_recipe": "2024-05-27 21:57:28 +0000"
    },
    "done": true
  },
  "comforts:sleeping_bag_purple": {
    "criteria": {
      "has_the_recipe": "2024-05-27 21:57:28 +0000"
    },
    "done": true
  },
  "cataclysm:root": {
    "criteria": {
      "custom_test_name": "2024-05-27 21:57:28 +0000"
    },
    "done": true
  },
  "comforts:sleeping_bag_yellow": {
    "criteria": {
      "has_the_recipe": "2024-05-27 21:57:28 +0000"
    },
    "done": true
  },
  "comforts:sleeping_bag_green": {
    "criteria": {
      "has_the_recipe": "2024-05-27 21:57:28 +0000"
    },
    "done": true
  },
  "comforts:hammock_light_blue": {
    "criteria": {
      "has_the_recipe": "2024-05-27 21:57:28 +0000"
    },
    "done": true
  },
  "comforts:hammock_orange": {
    "criteria": {
      "has_the_recipe": "2024-05-27 21:57:28 +0000"
    },
    "done": true
  },
  "comforts:sleeping_bag_magenta": {
    "criteria": {
      "has_the_recipe": "2024-05-27 21:57:28 +0000"
    },
    "done": true
  },
  "comforts:hammock_green": {
    "criteria": {
      "has_the_recipe": "2024-05-27 21:57:28 +0000"
    },
    "done": true
  },
  "repurposed_structures:root": {
    "criteria": {
      "always": "2024-05-27 21:57:28 +0000"
    },
    "done": true
  },
  "minecraft:adventure/adventuring_time": {
    "criteria": {
      "minecraft:deep_ocean": "2024-05-28 01:31:14 +0000",
      "minecraft:sunflower_plains": "2024-05-27 22:55:26 +0000",
      "minecraft:beach": "2024-05-27 22:28:35 +0000",
      "minecraft:sparse_jungle": "2024-05-27 23:11:27 +0000",
      "minecraft:lukewarm_ocean": "2024-05-27 23:10:13 +0000",
      "minecraft:river": "2024-05-27 22:27:40 +0000",
      "minecraft:stony_shore": "2024-05-27 23:13:56 +0000",
      "minecraft:forest": "2024-05-27 22:21:45 +0000",
      "minecraft:jungle": "2024-05-27 23:13:59 +0000",
      "minecraft:ocean": "2024-05-27 23:08:06 +0000",
      "minecraft:deep_dark": "2024-05-28 01:58:11 +0000",
      "minecraft:meadow": "2024-05-27 21:57:29 +0000",
      "minecraft:plains": "2024-05-27 22:27:22 +0000"
    },
    "done": false
  },
  "cataclysm:find_sunken_city": {
    "criteria": {
      "factory": "2024-05-28 01:36:14 +0000"
    },
    "done": true
  },
  "deeperdarker:main/root": {
    "criteria": {
      "deep_dark": "2024-05-28 01:58:11 +0000"
    },
    "done": true
  },
  "minecraft:story/obtain_armor": {
    "criteria": {
      "iron_helmet": "2024-05-27 23:08:54 +0000"
    },
    "done": true
  },
  "biomesoplenty:biomesoplenty/all_biomes": {
    "criteria": {
      "woodland": "2024-05-28 01:38:44 +0000",
      "shrubland": "2024-05-27 23:34:18 +0000",
      "rocky_shrubland": "2024-05-27 23:31:45 +0000",
      "clover_patch": "2024-05-28 01:28:57 +0000",
      "old_growth_woodland": "2024-05-27 23:29:26 +0000",
      "orchard": "2024-05-27 23:31:44 +0000",
      "lavender_forest": "2024-05-27 23:37:10 +0000",
      "redwood_forest": "2024-05-27 23:45:55 +0000",
      "dune_beach": "2024-05-28 01:36:33 +0000",
      "pasture": "2024-05-27 23:36:35 +0000",
      "lavender_field": "2024-05-27 22:41:10 +0000",
      "pumpkin_patch": "2024-05-28 00:23:29 +0000",
      "rainforest": "2024-05-28 01:41:07 +0000"
    },
    "done": false
  },
  "minecraft:adventure/sleep_in_bed": {
    "criteria": {
      "slept_in_bed": "2024-05-27 22:51:28 +0000"
    },
    "done": true
  },
  "minecraft:adventure/root": {
    "criteria": {
      "killed_by_something": "2024-05-27 22:17:57 +0000"
    },
    "done": true
  },
  "minecraft:adventure/kill_all_mobs": {
    "criteria": {
      "minecraft:pillager": "2024-05-27 22:58:12 +0000",
      "minecraft:skeleton": "2024-05-27 22:37:43 +0000",
      "minecraft:vindicator": "2024-05-27 22:58:09 +0000",
      "minecraft:spider": "2024-05-27 23:17:58 +0000",
      "minecraft:creeper": "2024-05-27 22:21:07 +0000",
      "minecraft:zombie": "2024-05-27 22:19:28 +0000",
      "minecraft:drowned": "2024-05-27 23:44:45 +0000"
    },
    "done": false
  },
  "repurposed_structures:villages": {
    "criteria": {
      "in_village_oak": "2024-05-27 23:27:40 +0000"
    },
    "done": false
  },
  "nova_structures:adventure/find_all_illager_structures": {
    "criteria": {
      "illager_camp": "2024-05-27 22:58:13 +0000"
    },
    "done": false
  },
  "minecraft:story/iron_tools": {
    "criteria": {
      "iron_pickaxe": "2024-05-27 22:46:10 +0000"
    },
    "done": true
  },
  "minecraft:adventure/kill_a_mob": {
    "criteria": {
      "minecraft:zombie": "2024-05-27 22:19:28 +0000"
    },
    "done": true
  },
  "hearth_and_home:recipes/chimneys": {
    "criteria": {
      "has_item": "2024-05-27 23:46:56 +0000"
    },
    "done": true
  },
  "alexsmobs:alexsmobs/seagull_steal": {
    "criteria": {
      "ex": "2024-05-27 22:29:19 +0000"
    },
    "done": true
  },
  "hearth_and_home:recipes/trims": {
    "criteria": {
      "has_item": "2024-05-27 22:23:30 +0000"
    },
    "done": true
  },
  "minecraft:husbandry/plant_seed": {
    "criteria": {
      "wheat": "2024-05-28 01:16:36 +0000"
    },
    "done": true
  },
  "hearth_and_home:recipes/cobblestone_bricks": {
    "criteria": {
      "has_item": "2024-05-27 23:46:56 +0000"
    },
    "done": true
  },
  "hearth_and_home:recipes/lattices": {
    "criteria": {
      "has_item": "2024-05-27 22:23:30 +0000"
    },
    "done": true
  },
  "quark:get_all_blossom_saplings": {
    "criteria": {
      "yellow": "2024-05-27 22:29:53 +0000"
    },
    "done": false
  },
  "minecraft:husbandry/balanced_diet": {
    "criteria": {
      "cooked_mutton": "2024-05-27 22:50:51 +0000",
      "cooked_beef": "2024-05-27 22:39:26 +0000",
      "beef": "2024-05-27 23:48:15 +0000",
      "apple": "2024-05-27 23:02:06 +0000",
      "bread": "2024-05-28 01:41:59 +0000",
      "rotten_flesh": "2024-05-27 22:38:04 +0000",
      "cooked_chicken": "2024-05-28 01:24:19 +0000"
    },
    "done": false
  },
  "hearth_and_home:recipes/parquets": {
    "criteria": {
      "has_item": "2024-05-27 22:23:30 +0000"
    },
    "done": true
  },
  "minecraft:story/mine_stone": {
    "criteria": {
      "get_stone": "2024-05-27 22:30:40 +0000"
    },
    "done": true
  },
  "minecraft:husbandry/root": {
    "criteria": {
      "consumed_item": "2024-05-27 22:26:26 +0000"
    },
    "done": true
  },
  "hearth_and_home:recipes/paper_lanterns": {
    "criteria": {
      "has_item": "2024-05-28 02:52:01 +0000"
    },
    "done": true
  },
  "minecraft:story/mine_diamond": {
    "criteria": {
      "diamond": "2024-05-28 01:58:23 +0000"
    },
    "done": true
  },
  "minecraft:story/upgrade_tools": {
    "criteria": {
      "stone_pickaxe": "2024-05-27 22:32:08 +0000"
    },
    "done": true
  },
  "farmersdelight:main/plant_all_crops": {
    "criteria": {
      "potato": "2024-05-28 01:24:08 +0000",
      "wheat": "2024-05-28 01:16:36 +0000",
      "carrot": "2024-05-28 01:24:24 +0000"
    },
    "done": false
  },
  "hearth_and_home:recipes/sanded_wood": {
    "criteria": {
      "has_item": "2024-05-27 22:23:30 +0000"
    },
    "done": true
  },
  "quark:get_all_corundum": {
    "criteria": {
      "green": "2024-05-27 22:41:55 +0000"
    },
    "done": false
  },
  "farmersdelight:main/get_fd_seed": {
    "criteria": {
      "rice": "2024-05-27 23:08:42 +0000"
    },
    "done": true
  },
  "biomesoplenty:biomesoplenty/root": {
    "criteria": {
      "lavender_field": "2024-05-27 22:41:10 +0000"
    },
    "done": true
  },
  "minecraft:story/root": {
    "criteria": {
      "crafting_table": "2024-05-27 22:23:32 +0000"
    },
    "done": true
  },
  "farmersdelight:main/place_campfire": {
    "criteria": {
      "campfire": "2024-05-27 23:46:57 +0000"
    },
    "done": true
  },
  "minecraft:story/smelt_iron": {
    "criteria": {
      "iron": "2024-05-27 22:45:28 +0000"
    },
    "done": true
  },
  "DataVersion": 3465
}